name,price,img
"Infinix Smart 5 - 6.6"" - 2 Go - 32 Go - Ocean Wave - Garantie 1 an",,
,309.00 TND,
,,
"Infinix Smart 5 - 6.6"" - 3 Go - 64 Go - Quetzal Cyan - Garantie 1 an",,
,349.00 TND,
,,
"Infinix Hot 10 - 6.78"" - 4 Go - 128 Go - Amber Red - Garantie 1 an",,
,479.00 TND,
,,
"Infinix Note 8 - 6.95"" - 6 Go - 128 Go - Gray - Garantie 1 an",,
,639.00 TND,
,,
"Samsung Galaxy A12 - 6.5"" - 4 Go - 64 Go - Noir - Garantie 1 an",,
,499.00 TND,
,,
"ZTE Blade A7 - 6.01"" - 2 Go - 32 Go - Noir - Garantie 1 an",,
,269.00 TND,
,,
"Infinix Smart 5 - 6.6"" - 3 Go - 64 Go - Midnight Black - Garantie 1 an",,
,349.00 TND,
,,
"Infinix Smart 5 - 6.6"" - 2 Go - 32 Go - Quetzal Cyan - Garantie 1 an",,
,309.00 TND,
,,
"Infinix Note 8 - 6.95"" - 6 Go - 128 Go - Green - Garantie 1 an",,
,639.00 TND,
,,
"Infinix Zero 8 - 6.85"" - 8 Go - 128 Go - Black Diamond - Garantie 1 an",,
,898.00 TND,
,,
"Tecno Spark 6 - 6.8"" - 4 Go - 64 Go - Comet Black - Garantie 1 An",,
,429.00 TND,
,,
"Samsung Galaxy A12 - 6.5"" - 4 Go - 64 Go - Blanc - Garantie 1 an",,
,499.00 TND,
,,
"ZTE Blade A5 - 5.45"" - 1 Go - 16 Go - Noir - Garantie 1 an",,
,299.00 TND,
,,
"Infinix Note 8 - 6.95"" - 6 Go - 128 Go - Blue - Garantie 1 an",,
,639.00 TND,
,,
"XIAOMI Redmi Note 8 - 6.3"" - 4 Go - 64 Go -Space Black- Garantie 1 an",,
,569.00 TND,
,,
"Nokia 1.4 - 6.52"" - 2 Go - 32 Go - Charcoal - Garantie 1 an",,
,339.00 TND,
,,
"Huawei Nova 7 5G - 6.53"" - 256GB - 8GB - Noir - Garantie 1An",,
,"1,199.00 TND",
,,
"XIAOMI Redmi 9 - 6.53"" - 4 Go - 64 Go - Sunset Purple - Garantie 1 an",,
,449.00 TND,
,,
"XIAOMI Redmi Note 9 Pro - 6.67"" - 6 Go - 128 Go - Green - Garantie 1 an",,
,849.00 TND,
,,
"Infinix Smart 5 - 6.6"" - 2 Go - 32 Go-5000Mah +Pochette et Anticasse - Bleu - Garantie 1 an",,
,305.00 TND,
,,
"Huawei Nova 7 5G - 6.53"" - 256GB - 8GB - Violet - Garantie 1An",,
,"1,249.00 TND",
,,
"UMIDIGI A7 - 6.49""- 4Go - 64Go - Midnight Green - Garantie 1 an",,
,426.00 TND,
,,
"XIAOMI Redmi Note 9 - 6.53"" - 4 Go - 128 Go - Forest Green - Garantie 1 an",,
,619.00 TND,
,,
"Evertek M10 - 5.45"" - 1 Go - 16 Go - Pochette et Anticasse - Chameleon Blue - Garantie 1 An",,
,175.00 TND,
,,
"XIAOMI Redmi 9T - 6.53"" - 4 Go - 128 Go - Twilight Blue - Garantie 1 an",,
,569.00 TND,
,,
"ZTE Blade A5 - 5.45"" - 1 Go - 16 Go - Bleu - Garantie 1 an",,
,299.00 TND,
,,
"XIAOMI Redmi Note 9S - 6.67"" - 6 Go - 128 Go - Aurora Blue - Garantie 1 an",,
,779.00 TND,
,,
"Samsung Galaxy A12 - 6.5"" - 4 Go - 128 Go - Noir - Garantie 1 an",,
,559.00 TND,
,,
"smartec Dropi - 2gb -16gb - 6.0"" - 2900mAh -avec Pochette + Anticasse - Bleu - Garantie 1An",,
,219.00 TND,
,,
"XIAOMI Redmi Note 9S - 6.67"" - 6 Go - 128 Go - Glacier White - Garantie 1 an",,
,769.00 TND,
,,
"Organisateurs élastiques noirs, pour organiser des gadgets",,
,17.00 TND,
,,
"Huawei Nova 7i - 6.4"" - 8 Go - 128 Go - Sakura Pink - Garantie 1 an",,
,819.00 TND,
,,
Lpro Smartphone  L40  - 3G 5 - 0.5Go - 4Go - Double SIM -  Rose - Garantie 1 an,,
,109.00 TND,
,,
"XIAOMI Redmi 9 - 6.53"" - 4 Go - 64 Go - Carbon Gray - Garantie 1 an",,
,449.00 TND,
,,
"Evertek V5 Nano - 4"" - 512 Mo - 4 Go - Noir - Garantie 1 An",,
,169.00 TND,
,,
"smartec Dropi - 2gb -16gb - 6.0"" - 2900mAh -avec Pochette + Anticasse - Silver- Garantie 1An",,
,219.00 TND,
,,
"Nokia C1 - 5.45"" - 1 Go - 16 Go - Rouge - Garantie 1 an",,
,192.80 TND,
,,
Lpro Smartphone  L40  - 3G 5 - 0.5Go  - 4Go - Double SIM -  Bleu - Garantie 1 an,,
,109.00 TND,
,,
"Nokia C1 - 5.45"" - 1 Go - 16 Go - Noir - Garantie 1 an",,
,192.99 TND,
,,
"Tecno Pova - 6.8""- 6Go - 128Go - Black + Tecno Buds 3A - Garantie 1 An",,
,569.00 TND,
,,
name,price,img
"Infinix Smart 5 - 6.6"" - 2 Go - 32 Go - Ocean Wave - Garantie 1 an",,
,309.00 TND,
,,
"Infinix Smart 5 - 6.6"" - 3 Go - 64 Go - Quetzal Cyan - Garantie 1 an",,
,349.00 TND,
,,
"Infinix Hot 10 - 6.78"" - 4 Go - 128 Go - Amber Red - Garantie 1 an",,
,479.00 TND,
,,
"Infinix Note 8 - 6.95"" - 6 Go - 128 Go - Gray - Garantie 1 an",,
,639.00 TND,
,,
"Samsung Galaxy A12 - 6.5"" - 4 Go - 64 Go - Noir - Garantie 1 an",,
,499.00 TND,
,,
"ZTE Blade A7 - 6.01"" - 2 Go - 32 Go - Noir - Garantie 1 an",,
,269.00 TND,
,,
"Infinix Smart 5 - 6.6"" - 3 Go - 64 Go - Midnight Black - Garantie 1 an",,
,349.00 TND,
,,
"Infinix Smart 5 - 6.6"" - 2 Go - 32 Go - Quetzal Cyan - Garantie 1 an",,
,309.00 TND,
,,
"Infinix Note 8 - 6.95"" - 6 Go - 128 Go - Green - Garantie 1 an",,
,639.00 TND,
,,
"Infinix Zero 8 - 6.85"" - 8 Go - 128 Go - Black Diamond - Garantie 1 an",,
,898.00 TND,
,,
"Tecno Spark 6 - 6.8"" - 4 Go - 64 Go - Comet Black - Garantie 1 An",,
,429.00 TND,
,,
"Samsung Galaxy A12 - 6.5"" - 4 Go - 64 Go - Blanc - Garantie 1 an",,
,499.00 TND,
,,
"ZTE Blade A5 - 5.45"" - 1 Go - 16 Go - Noir - Garantie 1 an",,
,299.00 TND,
,,
"Infinix Note 8 - 6.95"" - 6 Go - 128 Go - Blue - Garantie 1 an",,
,639.00 TND,
,,
"XIAOMI Redmi Note 8 - 6.3"" - 4 Go - 64 Go -Space Black- Garantie 1 an",,
,569.00 TND,
,,
"Nokia 1.4 - 6.52"" - 2 Go - 32 Go - Charcoal - Garantie 1 an",,
,339.00 TND,
,,
"Huawei Nova 7 5G - 6.53"" - 256GB - 8GB - Noir - Garantie 1An",,
,"1,199.00 TND",
,,
"XIAOMI Redmi 9 - 6.53"" - 4 Go - 64 Go - Sunset Purple - Garantie 1 an",,
,449.00 TND,
,,
"XIAOMI Redmi Note 9 Pro - 6.67"" - 6 Go - 128 Go - Green - Garantie 1 an",,
,849.00 TND,
,,
"Infinix Smart 5 - 6.6"" - 2 Go - 32 Go-5000Mah +Pochette et Anticasse - Bleu - Garantie 1 an",,
,305.00 TND,
,,
"Huawei Nova 7 5G - 6.53"" - 256GB - 8GB - Violet - Garantie 1An",,
,"1,249.00 TND",
,,
"UMIDIGI A7 - 6.49""- 4Go - 64Go - Midnight Green - Garantie 1 an",,
,426.00 TND,
,,
"XIAOMI Redmi Note 9 - 6.53"" - 4 Go - 128 Go - Forest Green - Garantie 1 an",,
,619.00 TND,
,,
"Evertek M10 - 5.45"" - 1 Go - 16 Go - Pochette et Anticasse - Chameleon Blue - Garantie 1 An",,
,175.00 TND,
,,
"XIAOMI Redmi 9T - 6.53"" - 4 Go - 128 Go - Twilight Blue - Garantie 1 an",,
,569.00 TND,
,,
"ZTE Blade A5 - 5.45"" - 1 Go - 16 Go - Bleu - Garantie 1 an",,
,299.00 TND,
,,
"XIAOMI Redmi Note 9S - 6.67"" - 6 Go - 128 Go - Aurora Blue - Garantie 1 an",,
,779.00 TND,
,,
"Samsung Galaxy A12 - 6.5"" - 4 Go - 128 Go - Noir - Garantie 1 an",,
,559.00 TND,
,,
"smartec Dropi - 2gb -16gb - 6.0"" - 2900mAh -avec Pochette + Anticasse - Bleu - Garantie 1An",,
,219.00 TND,
,,
"XIAOMI Redmi Note 9S - 6.67"" - 6 Go - 128 Go - Glacier White - Garantie 1 an",,
,769.00 TND,
,,
"Organisateurs élastiques noirs, pour organiser des gadgets",,
,17.00 TND,
,,
"Huawei Nova 7i - 6.4"" - 8 Go - 128 Go - Sakura Pink - Garantie 1 an",,
,819.00 TND,
,,
Lpro Smartphone  L40  - 3G 5 - 0.5Go - 4Go - Double SIM -  Rose - Garantie 1 an,,
,109.00 TND,
,,
"XIAOMI Redmi 9 - 6.53"" - 4 Go - 64 Go - Carbon Gray - Garantie 1 an",,
,449.00 TND,
,,
"Evertek V5 Nano - 4"" - 512 Mo - 4 Go - Noir - Garantie 1 An",,
,169.00 TND,
,,
"smartec Dropi - 2gb -16gb - 6.0"" - 2900mAh -avec Pochette + Anticasse - Silver- Garantie 1An",,
,219.00 TND,
,,
"Nokia C1 - 5.45"" - 1 Go - 16 Go - Rouge - Garantie 1 an",,
,192.80 TND,
,,
Lpro Smartphone  L40  - 3G 5 - 0.5Go  - 4Go - Double SIM -  Bleu - Garantie 1 an,,
,109.00 TND,
,,
"Nokia C1 - 5.45"" - 1 Go - 16 Go - Noir - Garantie 1 an",,
,192.99 TND,
,,
"Tecno Pova - 6.8""- 6Go - 128Go - Black + Tecno Buds 3A - Garantie 1 An",,
,569.00 TND,
,,
name,price,img
"Nokia C1 - 5.45"" - 1 Go - 16 Go - Noir - Garantie 1 an",,
,199.00 TND,
,,
"Tecno Pova - 6.8""- 6Go - 128Go - Bleu - Garantie 1 An",,
,559.00 TND,
,,
"Evertek M10 - 5.45"" - 1 Go+ 16 Go - Chameleon Blue - Garantie 1 An",,
,189.00 TND,
,,
"Tecno Spark 6 Go - 6.52"" - 3 Go - 64 Go - Ice Jadeite - Garantie 1 An",,
,349.00 TND,
,,
"XIAOMI Redmi 9T - 6.53"" - 4Go - 128Go - Bleu - Garantie 1 an",,
,545.00 TND,
,,
"Oppo Reno 5 (4G) - 6.43"" - 8Go - 128Go et Pochette + Anticasse - Fantasy Silver - Garantie 1 an",,
,"1,089.00 TND",
,,
"Samsung Galaxy A01 Core - 5.3"" - 1Go - 16Go - Bleu - Garantie 1 an",,
,236.90 TND,
,,
"ZTE Blade A7 - 6.01"" - 2 Go - 32 Go - Bleu - Garantie 1 an",,
,269.00 TND,
,,
"Samsung Galaxy A12 - 6.5"" - 4 Go - 64 Go - Blanc - Garantie 1 an",,
,521.00 TND,
,,
"Nokia 3.4 - 6.39""- 4Go - 64Go - Bleu - Garantie 1 An",,
,429.00 TND,
,,
"XIAOMI Redmi Note 9 Pro - 6.67"" - 6 Go - 128 Go - Glacier White - Garantie 1 an",,
,849.00 TND,
,,
"Infinix Smart 3 plus - 6.21"" - 2 Go - 32 Go - Saphir Cyan - Garantie 1 An",,
,364.00 TND,
,,
"Oppo A73 - 6.44"" - 6Go - 128Go +Pochette et Anticasse -Navy Blue - Garantie 1an",,
,669.00 TND,
,,
"Oppo A15 - 6.52"" - 3Go - 32Go - White - Garantie 1An",,
,409.00 TND,
,,
"Tecno Pop 4 Air - 6.52""- 1Go - 16 Go - Noir - Garantie 1 An",,
,246.00 TND,
,,
"Nokia 1.4 - 6.52"" - 2 Go - 32 Go - Bleu - Garantie 1 an",,
,339.00 TND,
,,
XIAOMI Redmi Note 8 Pro 6.53'' - 6Go -128Go - Ocean Blue - Garantie 1 an,,
,749.00 TND,
,,
"Tecno Pop 4 Air - 6.52""- 1Go - 16 Go - Bleu - Garantie 1 An",,
,246.00 TND,
,,
"Samsung Galaxy A12 - 6.5"" - 4Go - 128Go+ Anticasse - Noir - Garantie 1 an",,
,555.00 TND,
,,
"Samsung A02s - 6.5"" - 4Go - 64 Go - Bleu - Garantie 1 An",,
,459.00 TND,
,,
"Oppo Reno 5 (4G) - 6.43"" - 8Go - 128Go - Fantasy Silver - Garantie 1 an",,
,"1,097.00 TND",
,,
"XIAOMI Redmi 9T - 6.53"" - 4Go - 128Go et Pochette + Anticasse - Carbon Gray- Garantie 1 an",,
,549.00 TND,
,,
"Tecno Spark 6 - 6.8"" - 4 Go - 64 Go - Ocean Blue - Garantie 1 An",,
,429.00 TND,
,,
"Oppo A15 - 6.52"" - 3Go - 32Go - Black - Garantie 1 An",,
,409.00 TND,
,,
"Nokia C3 - 5.99"" - 2Go - 16 Go - Bleu - Garantie 1 An",,
,279.00 TND,
,,
"XIAOMI Redmi 9A - 6.53"" - 2Go - 32Go - Bleu- Garantie 1 an",,
,319.00 TND,
,,
"Tecno Spark 6 Go - 6.52"" - 3 Go - 64 Go - Aqua Bleu - Garantie 1 An",,
,349.00 TND,
,,
Apple iPhone 11 64 Go - Blanc  - Garantie 1 An,,
,"2,954.00 TND",
,,
Apple iPhone 12 128GB Noir- MGJA3AA/A,,
,"3,999.00 TND",
,,
"Itel Vision 1 Pro - 6.52"" - 2Go - 32Go - Cosmic Shine - Garantie 1 An",,
,299.00 TND,
,,
"Nokia 5.4 - 6.39"" - 4 Go - 128 Go - Polar Night - Garantie 1 an",,
,579.00 TND,
,,
"Samsung Galaxy A12 - 6.5"" - 4Go - 128Go+ Anticasse - Blanc - Garantie 1 an",,
,555.00 TND,
,,
"XIAOMI Redmi Note 9 - 6.53"" - 4 Go - 128 Go Et Pochette + Anticasse - Onyx Black - Garantie 1 an",,
,615.00 TND,
,,
"XIAOMI Redmi 9A - 6.53"" - 2 Go - 32 Go - Sky Blue - Garantie 1 an",,
,315.00 TND,
,,
"XIAOMI Poco X3 NFC - 6.67"" - 6Go - 128Go - Shadow grey - Garantie 1an",,
,899.00 TND,
,,
"XIAOMI Redmi Note 9 - 6.53"" - 4 Go - 128 Go - Polar White - Garantie 1 an",,
,619.00 TND,
,,
"XIAOMI Poco X3 NFC - 6.67"" - 6Go - 128Go - Blue - Garantie 1an",,
,899.00 TND,
,,
"Itel A36 - 5.5""- 1Go - 16Go - Batterie 3020mAh + Pochette et Anticasse - Blue - Garantie 1 An",,
,199.00 TND,
,,
"Samsung Galaxy A02 s - 6.5"" - 4Go - 64Go - Red - Garantie 1 an",,
,459.00 TND,
,,
"Infinix Smart 3 plus - 6.21"" - 2 Go - 32 Go - Mocha Brown - Garantie 1 An",,
,365.00 TND,
,,
